<beans xmlns="http://www.springframework.org/schema/beans"
	   xmlns:xsi="http://www.w3.org/2001/XMLSchema-instance"
	xmlns:tx="http://www.springframework.org/schema/tx"
	xmlns:jpa="http://www.springframework.org/schema/data/jpa"
	xsi:schemaLocation="http://www.springframework.org/schema/tx http://www.springframework.org/schema/tx/spring-tx-4.0.xsd
	http://www.springframework.org/schema/beans http://www.springframework.org/schema/beans/spring-beans-4.0.xsd
	http://www.springframework.org/schema/data/jpa http://www.springframework.org/schema/data/jpa/spring-jpa.xsd"
	default-autowire="byName" default-init-method="init">

	<bean id="dataSource"
		class="org.springframework.jdbc.datasource.DriverManagerDataSource">
		<property name="driverClassName" value="${spring.datasource.driver-class-name}" />
		<property name="url" value="${spring.datasource.url}" />
		<property name="username" value="${spring.datasource.username}" />
		<property name="password" value="${spring.datasource.password}" />
	</bean>

	<bean id="entityManagerFactory"
		class="org.springframework.orm.jpa.LocalContainerEntityManagerFactoryBean">

		<property name="dataSource" ref="dataSource" />

		<property name="jpaProperties">
			<props>
				<prop key="hibernate.show_sql">${hibernate-config.show-sql}</prop>
			</props>
		</property>

		<property name="packagesToScan">
			<array>
				<value>com.r1vs.platform.rox</value>
			</array>
		</property>

		<property name="persistenceProvider">
			<bean class="org.hibernate.jpa.HibernatePersistenceProvider"></bean>
		</property>
	</bean>
	
	<jpa:repositories base-package="com.r1vs.platform.rox"
		entity-manager-factory-ref="entityManagerFactory"
		transaction-manager-ref="transactionManager" />

	<tx:annotation-driven transaction-manager="transactionManager" />

	<bean id="transactionManager" class="org.springframework.orm.jpa.JpaTransactionManager"
		lazy-init="true">
		<property name="dataSource" ref="dataSource" />
	</bean>

</beans>
