<?xml version="1.0" encoding="UTF-8" ?>
<ruleset name="etpruleset" xmlns="http://pmd.sourceforge.net/ruleset/2.0.0"
	xmlns:xsi="http://www.w3.org/2001/XMLSchema-instance"
	xsi:schemaLocation="http://pmd.sourceforge.net/ruleset/2.0.0 http://pmd.sourceforge.net/ruleset_2_0_0.xsd">

	<exclude-pattern>.*</exclude-pattern>
	<include-pattern>.*\.java$</include-pattern>

	<description>roxwrite Ruleset</description>

	<rule ref="category/java/codestyle.xml">
		<exclude name="AtLeastOneConstructor" />
		<exclude name="UnnecessaryFullyQualifiedName" />
		<exclude name="ShortVariable" />
		<exclude name="LongVariable" />
		<exclude name="UnnecessaryAnnotationValueElement" />
		<exclude name="ClassNamingConventions" />
		<exclude name="OnlyOneReturn" />
		<exclude name="ShortClassName" />
		<exclude name="AvoidDollarSigns" />
		<exclude name="ConfusingTernary" />
		<exclude name="CallSuperInConstructor" />
		<exclude name="BooleanGetMethodName" />
		<exclude name="CommentDefaultAccessModifier" />
		<exclude name="LinguisticNaming" />
		<exclude name="UseUnderscoresInNumericLiterals" />
		<exclude name="UnnecessaryModifier" />
		<exclude name="TooManyStaticImports" />
		<exclude name="UseShortArrayInitializer" />
	</rule>
	
</ruleset>
