<?xml version="1.0" encoding="UTF-8"?>
<FindBugsFilter  xmlns="https://github.com/spotbugs/filter/3.0.0"
              xmlns:xsi="http://www.w3.org/2001/XMLSchema-instance"
              xsi:schemaLocation="https://github.com/spotbugs/filter/3.0.0 https://raw.githubusercontent.com/spotbugs/spotbugs/3.1.0/spotbugs/etc/findbugsfilter.xsd">
	
	<Match>
		<Bug pattern="DLS_DEAD_STORE_OF_CLASS_LITERAL" />
	</Match>
	
	<Match>
		<Bug pattern="UUF_UNUSED_PUBLIC_OR_PROTECTED_FIELD" />
	</Match>

	<Match>
		<Bug pattern="UWF_UNWRITTEN_PUBLIC_OR_PROTECTED_FIELD" />
	</Match>
	
	<Match>
		<Bug pattern="EQ_OVERRIDING_EQUALS_NOT_SYMMETRIC" />
	</Match>
	
	<Match>
		<Bug pattern="DM_DEFAULT_ENCODING" />
	</Match>
	
	<Match>
		<Bug pattern="NM_CLASS_NOT_EXCEPTION" />
	</Match>

	<Match>
		<Bug pattern="WMI_WRONG_MAP_ITERATOR" />
	</Match>

	<Match>
		<Bug pattern="EI_EXPOSE_REP" />
	</Match>

	<Match>
		<Bug pattern="EI_EXPOSE_REP2" />
	</Match>
</FindBugsFilter>
