<?xml version="1.0" encoding="UTF-8" standalone="no"?>
<databaseChangeLog xmlns="http://www.liquibase.org/xml/ns/dbchangelog"
 				xmlns:ext="http://www.liquibase.org/xml/ns/dbchangelog-ext"
				xmlns:xsi="http://www.w3.org/2001/XMLSchema-instance"
				xsi:schemaLocation="http://www.liquibase.org/xml/ns/dbchangelog-ext http://www.liquibase.org/xml/ns/dbchangelog/dbchangelog-ext.xsd http://www.liquibase.org/xml/ns/dbchangelog http://www.liquibase.org/xml/ns/dbchangelog/dbchangelog-4.1.xsd">
	<!-- id can also be descriptor, e.g.: create_{TABLE_NAME}_table -->
	<changeSet author="system" id="1559675494-1" context="qa">
		<validCheckSum>ANY</validCheckSum>

		<!-- CLIENT -->

		<insert tableName="clients">
			<column name="id">11</column>
			<column name="uuid" >a920004b-e1aa-4a6d-85f1-10863e61363d</column>
			<column name="code" >roxDemo</column>
			<column name="name" >Rox Demo Client</column> <!-- is this username? -->
			<column name="business_type_id">4</column>
			<column name="address1">testAddr1</column>
			<column name="address2">testAddr2</column>
			<column name="city">testCity</column>
			<column name="state">GA</column>
			<column name="zip4">1</column>
			<column name="zip5">1</column>
			<column name="county">testCounty</column>
			<column name="EIN">testEIN</column>
			<column name="phone_type_id" >3</column>
			<column name="phone">5555555555</column> <!-- size of field doesn't allow hyphens -->
			<column name="website">www.roxwrite.com</column>
			<column name="active" >1</column>
            <column name="created_at" valueComputed="now()"/>
			<column name="created_by" valueComputed="(SELECT user_id FROM users where username = 'roxsysadm')" />
            <column name="updated_at" valueComputed="now()" />
			<column name="updated_by" valueComputed="(SELECT user_id FROM users where username = 'roxsysadm')" />
		</insert>

		<!-- USER -->
		<insert tableName="users">
            <column name="user_id">11</column>
			<column name="client_id" valueComputed="(SELECT id FROM clients where code = 'roxDemo')" />
			<column name="username">roxadmin</column>
			<column name="first_name">Demo</column>
			<column name="last_name">Admin</column>
			<!-- encrypted password (4uBzZBB351V5u!) -->
			<column name="password">$2a$12$Ox.VXcSBRAAbDE0WO8QnxuQafpIywsTsCxSBZkTLACu26d19p9RYW</column>
			<column name="email">roxwrite-admin@roxwrite.com</column>
			<column name="phone_type_id">15</column>
			<column name="phone">555-555-5555</column>
			<column name="registered" valueBoolean="true" />
			<column name="version">1</column>
			<column name="is_superuser">0</column>
			<column name="created_by" valueComputed="(SELECT user_id FROM users where username = 'roxsysadm')"/>
			<column name="updated_by" valueComputed="(SELECT user_id FROM users where username = 'roxsysadm')"/>
		</insert>
		
		<!--  USER ROLE -->
		<insert tableName="user_role">
			<column name="user_id" valueComputed="(SELECT user_id FROM users where username = 'roxadmin')" />
			<column name="role_id" valueComputed="(SELECT role_id FROM role where system_name = 'CLIENT_ADMIN')" />
			<column name="version">1</column>
			<column name="created_by" valueComputed="(SELECT user_id FROM users where username = 'roxsysadm')"/>
			<column name="updated_by" valueComputed="(SELECT user_id FROM users where username = 'roxsysadm')"/>
		</insert>


	</changeSet>
</databaseChangeLog>
