<project xmlns="http://maven.apache.org/POM/4.0.0" xmlns:xsi="http://www.w3.org/2001/XMLSchema-instance"
	xsi:schemaLocation="http://maven.apache.org/POM/4.0.0 http://maven.apache.org/xsd/maven-4.0.0.xsd">
	<modelVersion>4.0.0</modelVersion>

  	<groupId>com.r1vs.platform.rox</groupId>
	<artifactId>migrations</artifactId>
	<packaging>jar</packaging>
	<name>migrations</name>
	<version>0.0.1-SNAPSHOT</version>

	<properties>
		<project.build.sourceEncoding>UTF-8</project.build.sourceEncoding>
		<liquibase.propertyFile>config/liquibase.properties</liquibase.propertyFile>
	</properties>

	<dependencies>
		<dependency>
			<groupId>org.postgresql</groupId>
			<artifactId>postgresql</artifactId>
      		<version>42.3.1</version>
		</dependency>
	</dependencies>

	<build>
		<resources>
			<resource>
				<directory>src/main/resources</directory>
				<filtering>true</filtering>
			</resource>
    </resources>
		<plugins>
			<plugin>
				<groupId>org.liquibase</groupId>
				<artifactId>liquibase-maven-plugin</artifactId>
				<version>4.7.0</version>
				<configuration>
					<propertyFile>${liquibase.propertyFile}</propertyFile>
					<propertyFileWillOverride>false</propertyFileWillOverride>
					<promptOnNonLocalDatabase>false</promptOnNonLocalDatabase>
				</configuration>
				<executions>
					<execution>
						<!-- enabling phase results in migrations being automatic: -->
						<!-- <phase>process-resources</phase> -->
						<goals>
							<goal>update</goal>
						</goals>
					</execution>
				</executions>
			</plugin>
		</plugins>
	</build>
</project>
