<?xml version="1.0" encoding="UTF-8" standalone="no"?>
<databaseChangeLog
	xmlns="http://www.liquibase.org/xml/ns/dbchangelog"
	xmlns:ext="http://www.liquibase.org/xml/ns/dbchangelog-ext"
	xmlns:xsi="http://www.w3.org/2001/XMLSchema-instance"
	xsi:schemaLocation="http://www.liquibase.org/xml/ns/dbchangelog-ext http://www.liquibase.org/xml/ns/dbchangelog/dbchangelog-ext.xsd http://www.liquibase.org/xml/ns/dbchangelog http://www.liquibase.org/xml/ns/dbchangelog/dbchangelog-4.1.xsd">

	<changeSet author="system" id="1635758175-2">
		<createTable tableName="interaction_responses">
			<column autoIncrement="true" name="id" type="BIGINT">
				<constraints primaryKey="true" nullable="false" />
			</column>
            <column name="uuid" type="uuid">
                <constraints nullable="false"/>
            </column>
			<column name="client_id" type="BIGINT">
				<constraints nullable="false" references="clients(id)"
							 foreignKeyName="FK_interaction_responses_clients"/>
			</column>
			<column name="parent_interaction" type="BIGINT">
				<constraints references="interaction_responses(id)"
							 foreignKeyName="FK_interaction_responses_parent"/>
			</column>
			<column name="application_id" type="BIGINT" >
				<constraints references="application(id)"
							 foreignKeyName="FK_interaction_responses_application"/>
			</column>
            <column name="business_id" type="BIGINT" >
                <constraints references="business(id)"
                             foreignKeyName="FK_interaction_responses_business"/>
            </column>
            <column name="owner_id" type="BIGINT" >
                <constraints references="owner(id)"
                             foreignKeyName="FK_interaction_responses_owner"/>
            </column>

			<column name="reference" type="varchar(20)" >
				<constraints nullable="false"/>
			</column>
			<column name="started_at" type="TIMESTAMP">
<!--				<constraints nullable="false" />-->
			</column>
			<column name="ended_at" type="TIMESTAMP">
<!--				<constraints nullable="false" />-->
			</column>
			<!-- duration is used to record the interaction duration in milliseconds -->
			<column name="duration" type="BIGINT"/>
			<!--
			 code is used to represent interaction response code
				VALID - Valid response,
				ERROR - Error response
			-->
			<column name="code" type="varchar(5)" defaultValue="VALID"/>
			<!--
			 data_type is used to represent interaction response type
				JSON - Json response,
				XML - XML response
			-->
			<column name="data_type" type="varchar(5)" defaultValue="JSON"/>
            <column name="name" type="varchar(30)" >
                <constraints nullable="false"/>
            </column>
			<column name="provider" type="varchar(30)" >
				<constraints nullable="false"/>
			</column>
			<column name="payload" type="TEXT"/>
			<!-- message will be populated in case of error -->
			<column name="message" type="VARCHAR(512)"/>
			<column name="response" type="bytea"/>
			<column name="run" type="int(11)" defaultValueNumeric="1"/>
            <!--
			 type is used to represent type of interaction
				FMCSA,
				UCC,
				BACKGROUND,
				CREDIT
			-->
            <column name="type" type="varchar(10)" >
                <constraints nullable="false"/>
            </column>
			<column name="created_at" type="TIMESTAMP">
				<constraints nullable="false" />
			</column>
			<column name="created_by" type="int(11)">
				<constraints nullable="false" />
			</column>
			<column name="updated_at" type="TIMESTAMP">
				<constraints nullable="false" />
			</column>
			<column name="updated_by" type="int(11)">
				<constraints nullable="false" />
			</column>
		</createTable>
		<rollback>
			<dropTable tableName="interaction_responses" />
		</rollback>
	</changeSet>

</databaseChangeLog>
