<?xml version="1.0" encoding="UTF-8" standalone="no"?>
<databaseChangeLog xmlns="http://www.liquibase.org/xml/ns/dbchangelog"
 				xmlns:ext="http://www.liquibase.org/xml/ns/dbchangelog-ext"
				xmlns:xsi="http://www.w3.org/2001/XMLSchema-instance"
				xsi:schemaLocation="http://www.liquibase.org/xml/ns/dbchangelog-ext 
					http://www.liquibase.org/xml/ns/dbchangelog/dbchangelog-ext.xsd 
					http://www.liquibase.org/xml/ns/dbchangelog 
					http://www.liquibase.org/xml/ns/dbchangelog/dbchangelog-4.1.xsd">

	<changeSet author="system" id="1509565897-7">

		<createTable tableName="rox_file">
			<!-- Key(s) -->
			<column name="id" type="BIGINT" autoIncrement="true">
				<constraints nullable="false" primaryKey="true"/>
			</column>
			<column name="uuid" type="uuid" >
			<constraints nullable="false"/>
			</column>
			<column name="purpose" type="varchar(2000)" >
				<constraints nullable="false"/>
			</column>
			<column name="bucket" type="varchar(100)" >
				<constraints nullable="false"/>
			</column>
			<column name="key" type="varchar(100)" >
				<constraints nullable="false"/>
			</column>
			<column name="file_name" type="varchar(100)" >
				<constraints nullable="false"/>
			</column>
			<column name="file_type" type="varchar(100)" >
				<constraints nullable="false"/>
			</column>
			<column name="file_size" type="BIGINT" >
				<constraints nullable="false"/>
			</column>

			<column name="application_id" type="BIGINT">
				<constraints references="application(id)"
							 foreignKeyName="FK_rox_file_application"/>
			</column>

			<column name="interaction_responses_id" type="BIGINT">
				<constraints references="interaction_responses(id)"
							 foreignKeyName="FK_rox_file_interaction_responses"/>
			</column>

			<!-- METADATA COLUMNS -->
			<column name="created_at" type="TIMESTAMP">
				<constraints nullable="false" />
			</column>
			<column name="updated_at" type="TIMESTAMP">
				<constraints nullable="false" />
			</column>
			<column name="created_by" type="INT">
				<constraints nullable="false" />
			</column>
			<column name="updated_by" type="INT">
				<constraints nullable="false" />
			</column>

		</createTable>

		<rollback>
			<dropTable tableName="rox_file"/>
		</rollback>
	</changeSet>

</databaseChangeLog>
