<?xml version="1.0" encoding="UTF-8" standalone="no"?>
<databaseChangeLog
	xmlns="http://www.liquibase.org/xml/ns/dbchangelog"
	xmlns:ext="http://www.liquibase.org/xml/ns/dbchangelog-ext"
	xmlns:xsi="http://www.w3.org/2001/XMLSchema-instance"
	xsi:schemaLocation="http://www.liquibase.org/xml/ns/dbchangelog-ext http://www.liquibase.org/xml/ns/dbchangelog/dbchangelog-ext.xsd http://www.liquibase.org/xml/ns/dbchangelog http://www.liquibase.org/xml/ns/dbchangelog/dbchangelog-4.1.xsd">

	<changeSet author="system" id="1635758173-2">
		<createTable tableName="notes">
			<column autoIncrement="true" name="id" type="BIGINT">
				<constraints primaryKey="true" nullable="false" />
			</column>

			<column name="uuid" type="uuid" />
			<column name="notes" type="varchar(2000)">
				<constraints nullable="false" />
			</column>
			<column name="application_id" type="BIGINT">
				<constraints references="application(id)"
							 foreignKeyName="FK_notes_application"/>
			</column>
			<column name="rox_file_id" type="BIGINT">
				<constraints references="rox_file(id)"
							 foreignKeyName="FK_notes_rox_file"/>
			</column>

<!--			<column name="version" type="int(11)" />-->
<!--			<column name="client_id" type="int(11)">-->
<!--				<constraints nullable="false" />-->
<!--			</column>-->
<!--			<column name="element_source" type="varchar(10)" />-->
<!--			<column name="transaction_id" type="varchar(20)" />-->
<!--			<column name="root_note_id" type="int(11)" />-->
<!--			<column name="reply_note_id" type="int(11)" />-->
<!--			<column name="group_id" type="int(11)" />-->
<!--			<column name="status_id" type="tinyint(4)">-->
<!--				<constraints nullable="false" />-->
<!--			</column>-->
			<column name="created_at" type="TIMESTAMP">
				<constraints nullable="false" />
			</column>
			<column name="created_by" type="int(11)">
				<constraints nullable="false" />
			</column>
			<column name="updated_at" type="TIMESTAMP">
				<constraints nullable="false" />
			</column>
			<column name="updated_by" type="int(11)">
				<constraints nullable="false" />
			</column>
		</createTable>
		<rollback>
			<dropTable tableName="notes" />
		</rollback>
	</changeSet>

</databaseChangeLog>
