<?xml version="1.0" encoding="UTF-8" standalone="no"?>
<databaseChangeLog xmlns="http://www.liquibase.org/xml/ns/dbchangelog"
 				xmlns:ext="http://www.liquibase.org/xml/ns/dbchangelog-ext"
				xmlns:xsi="http://www.w3.org/2001/XMLSchema-instance"
				xsi:schemaLocation="http://www.liquibase.org/xml/ns/dbchangelog-ext 
					http://www.liquibase.org/xml/ns/dbchangelog/dbchangelog-ext.xsd 
					http://www.liquibase.org/xml/ns/dbchangelog 
					http://www.liquibase.org/xml/ns/dbchangelog/dbchangelog-4.1.xsd">
					
	<changeSet author="system" id="1506704743-1">
		<createTable tableName="failed_records">
			<column name="failed_record_id" type="BIGINT">
				<constraints nullable="false"/>
			</column>
			<column name="created_at" type="TIMESTAMP"/>
			<column name="job_type" type="VARCHAR(100)"/>
			<column name="filename" type="VARCHAR(255)"/>
			<column name="line_number" type="INT"/>
			<column name="class_name" type="VARCHAR(255)"/>
			<column name="message" type="VARCHAR(512)"/>
			<column name="payload" type="TEXT"/>
		</createTable>
		<rollback>
			<dropTable tableName="failed_records"/>
		</rollback>
	</changeSet>
</databaseChangeLog>
