
<databaseChangeLog xmlns="http://www.liquibase.org/xml/ns/dbchangelog"
	xmlns:ext="http://www.liquibase.org/xml/ns/dbchangelog-ext" xmlns:xsi="http://www.w3.org/2001/XMLSchema-instance"
	xsi:schemaLocation="http://www.liquibase.org/xml/ns/dbchangelog-ext 
		http://www.liquibase.org/xml/ns/dbchangelog/dbchangelog-ext.xsd 
		http://www.liquibase.org/xml/ns/dbchangelog 
		http://www.liquibase.org/xml/ns/dbchangelog/dbchangelog-4.1.xsd">

	<changeSet author="system" id="1506555908-1">

		<createTable tableName="users">
			<column name="user_id" type="BIGINT" autoIncrement="true">
				<constraints nullable="false" primaryKey="true" />
			</column>
			<column name="client_id" type="BIGINT">
				<constraints nullable="true" references="clients(id)"
							 foreignKeyName="FK_user_clients"/>
			</column>
			<column name="username" type="VARCHAR(45)">
				<constraints nullable="false" />
			</column>
			<column name="first_name" type="VARCHAR(45)">
				<constraints nullable="false" />
			</column>
			<column name="last_name" type="VARCHAR(45)">
				<constraints nullable="false" />
			</column>
			<column name="password" type="VARCHAR(100)" />
			<column name="email" type="VARCHAR(100)">
				<constraints nullable="false" />
			</column>
			<column name="phone_type_id" type="INT" />
			<column name="phone" type="VARCHAR(18)" />
			<column name="registered" type="BOOLEAN" />
			<column name="registered_date" type="TIMESTAMP" defaultValueComputed="CURRENT_TIMESTAMP"/>
			<column name="active" type="BOOLEAN" />
			<column name="is_superuser" type="boolean" defaultValueBoolean="false">
				<constraints nullable="false"/>
			</column>
			<column name="version" type="BIGINT">
				<constraints nullable="false" />
			</column>
			<column name="created_by" type="BIGINT" />
			<column name="created_at" type="TIMESTAMP" defaultValueComputed="CURRENT_TIMESTAMP"/>
			<column name="updated_by" type="BIGINT" />
			<column name="updated_at" type="TIMESTAMP" defaultValueComputed="CURRENT_TIMESTAMP"/>

		</createTable>

		<createTable tableName="user_audit">
			<column name="id" type="BIGINT" autoIncrement="true">
				<constraints nullable="false" primaryKey="true" />
			</column>
			<column name="user_id" type="BIGINT">
				<constraints nullable="false" references="users(user_id)"
							 foreignKeyName="FK_user_audit_users" />
			</column>
			<column name="client_id" type="BIGINT">
				<constraints nullable="true" references="clients(id)"
							 foreignKeyName="FK_user_audit_clients"/>
			</column>
			<column name="username" type="VARCHAR(45)">
				<constraints nullable="false" />
			</column>
			<column name="first_name" type="VARCHAR(45)">
				<constraints nullable="false" />
			</column>
			<column name="last_name" type="VARCHAR(45)">
				<constraints nullable="false" />
			</column>
			<column name="password" type="VARCHAR(100)" />
			<column name="email" type="VARCHAR(100)">
				<constraints nullable="false" />
			</column>
			<column name="phone_type_id" type="INT" />
			<column name="phone" type="VARCHAR(18)" />
			<column name="registered" type="BOOLEAN" />
			<column name="registered_date" type="TIMESTAMP(6)" />
			<column name="active" type="int(11)" />
			<column name="is_superuser" type="boolean" defaultValueBoolean="false">
				<constraints nullable="false"/>
			</column>
			<column name="version" type="BIGINT">
				<constraints nullable="false" />
			</column>
			<column name="user_role_version" type="BIGINT" />
			<column name="created_by" type="BIGINT" />
			<column name="created_at" type="TIMESTAMP" defaultValueComputed="CURRENT_TIMESTAMP"/>
			<column name="updated_by" type="BIGINT" />
			<column name="updated_at" type="TIMESTAMP" defaultValueComputed="CURRENT_TIMESTAMP"/>

		</createTable>
		
		<createTable tableName="role" >
			<column name="role_id" type="BIGINT"  autoIncrement="true">
				<constraints nullable="false" primaryKey="true" />
			</column>
			<column name="system_name" type="VARCHAR(45)">
				<constraints nullable="false" unique="true" />
			</column>
			<column name="name" type="VARCHAR(45)">
				<constraints nullable="false" />
			</column>
			<column name="status_id" type="INT" defaultValueNumeric="0">
				<constraints nullable="false" references="status(id)"
							 foreignKeyName="FK_role_status"/>
			</column>
			<column name="created_by" type="INT" />
			<column name="created_at" type="TIMESTAMP" defaultValueComputed="CURRENT_TIMESTAMP"/>
			<column name="updated_by" type="INT" />
			<column name="updated_at" type="TIMESTAMP" defaultValueComputed="CURRENT_TIMESTAMP"/>
		</createTable>

		<createTable tableName="privilege" >
			<column name="privilege_id" type="BIGINT"  autoIncrement="true">
				<constraints nullable="false" primaryKey="true" />
			</column>
			<column name="system_name" type="VARCHAR(45)">
				<constraints nullable="false" unique="true"/>
			</column>
			<column name="name" type="VARCHAR(45)">
				<constraints nullable="false" />
			</column>
			<column name="created_by" type="INT" />
			<column name="created_at" type="TIMESTAMP" defaultValueComputed="CURRENT_TIMESTAMP"/>
			<column name="updated_by" type="INT" />
			<column name="updated_at" type="TIMESTAMP" defaultValueComputed="CURRENT_TIMESTAMP"/>
		</createTable>
		
		<createTable tableName="user_role">
			<column name="user_id" type="INT">
				<constraints nullable="false" references="users(user_id)"
							 foreignKeyName="FK_user_role_users"/>
			</column>
			<column name="role_id" type="BIGINT">
				<constraints nullable="false" />
			</column>
			<column name="version" type="BIGINT">
				<constraints nullable="false" />
			</column>
			<column name="created_by" type="INT" />
			<column name="created_at" type="TIMESTAMP" defaultValueComputed="CURRENT_TIMESTAMP"/>
			<column name="updated_by" type="INT" />
			<column name="updated_at" type="TIMESTAMP" defaultValueComputed="CURRENT_TIMESTAMP"/>
		</createTable>

		<createTable tableName="user_role_audit">
			<column name="id" type="BIGINT" autoIncrement="true">
				<constraints nullable="false" primaryKey="true" />
			</column>
			<column name="user_id" type="INT">
				<constraints nullable="false" references="users(user_id)"
							 foreignKeyName="FK_user_role_audit_users" />
			</column>
			<column name="role_id" type="BIGINT">
				<constraints nullable="false" />
			</column>
			<column name="user_role_version" type="BIGINT">
				<constraints nullable="false" />
			</column>
			<column name="created_by" type="INT" />
			<column name="created_at" type="TIMESTAMP" />
			<column name="updated_by" type="INT" />
			<column name="updated_at" type="TIMESTAMP"/>
		</createTable>

		<createTable tableName="role_privilege">
			<column name="role_id" type="BIGINT">
				<constraints nullable="false" />
			</column>
			<column name="privilege_id" type="BIGINT">
				<constraints nullable="false" />
			</column>
			<column name="created_by" type="INT" />
			<column name="created_at" type="TIMESTAMP" defaultValueComputed="CURRENT_TIMESTAMP"/>
			<column name="updated_by" type="INT" />
			<column name="updated_at" type="TIMESTAMP" defaultValueComputed="CURRENT_TIMESTAMP"/>
		</createTable>

		<createTable tableName="registration_token">
			<column name="registration_token_id" type="BIGINT"  autoIncrement="true">
				<constraints nullable="false" primaryKey="true"/>
			</column>
			<column name="user_id" type="INT">
				<constraints nullable="false" references="users(user_id)"
							 foreignKeyName="FK_registration_token_users" />
			</column>
			<column name="token" type="VARCHAR(100)">
				<constraints nullable="false" />
			</column>
			<column name="expiry_date" type="TIMESTAMP(6)">
				<constraints nullable="false" />
			</column>
			<column name="created_by" type="INT" />
			<column name="created_at" type="TIMESTAMP"/>
			<column name="updated_by" type="INT" />
			<column name="updated_at" type="TIMESTAMP"/>
		</createTable>

		<createTable tableName="group_role">

			<column name="group_role_id" type="BIGINT" autoIncrement="true">
				<constraints primaryKey="true"/>
			</column>
			<column name="access_group_id" type="BIGINT">
				<constraints nullable="false"/>
			</column>
			<column name="role_id" type="BIGINT">
				<constraints nullable="false"/>
			</column>
			<column name="created_at" type="TIMESTAMP" >
				<constraints nullable="false" />
			</column>
			<column name="updated_at" type="TIMESTAMP" >
				<constraints nullable="false" />
			</column>
			<column name="created_by" type="INT">
				<constraints nullable="false" />
			</column>
			<column name="updated_by" type="INT">
				<constraints nullable="false" />
			</column>
		</createTable>

		<createTable tableName="user_group">

			<column name="user_group_id" type="BIGINT" autoIncrement="true">
				<constraints primaryKey="true"/>
			</column>
			<column name="user_id" type="BIGINT">
				<constraints nullable="false" references="users(user_id)"
							 foreignKeyName="FK_user_group_users"/>
			</column>
			<column name="access_group_id" type="BIGINT">
				<constraints nullable="false"/>
			</column>
			<column name="created_at" type="TIMESTAMP" >
				<constraints nullable="false" />
			</column>
			<column name="updated_at" type="TIMESTAMP" >
				<constraints nullable="false" />
			</column>
			<column name="created_by" type="INT">
				<constraints nullable="false" />
			</column>
			<column name="updated_by" type="INT" >
				<constraints nullable="false" />
			</column>
		</createTable>

		<createTable tableName="access_group">

			<column name="access_group_id" type="BIGINT" autoIncrement="true">
				<constraints primaryKey="true"/>
			</column>
			<column name="group_name" type="VARCHAR(100)">
				<constraints nullable="false" />
			</column>
			<column name="group_description" type="VARCHAR(100)">
				<constraints nullable="true" />
			</column>

			<column name="status_id" type="INT">
				<constraints nullable="false"/>
			</column>
			<column name="pbm_id" type="INT"/>
			<column name="created_at" type="TIMESTAMP" >
				<constraints nullable="false" />
			</column>
			<column name="updated_at" type="TIMESTAMP" >
				<constraints nullable="false" />
			</column>
			<column name="created_by" type="INT">
				<constraints nullable="false" />
			</column>
			<column name="updated_by" type="INT" >
				<constraints nullable="false" />
			</column>
		</createTable>


		<addUniqueConstraint columnNames="username" tableName="users"/>
		<addUniqueConstraint columnNames="email, client_id" tableName="users"/>
		<addUniqueConstraint columnNames="system_name" tableName="role"/>
		
		<rollback>
			<dropTable tableName="users" />
			<dropTable tableName="role" />
			<dropTable tableName="privilege" />
			<dropTable tableName="user_role" />
			<dropTable tableName="role_privilege" />
			<dropTable tableName="user_audit" />
			<dropTable tableName="user_role_audit" />
			<dropTable tableName="registration_token" />
			<dropTable tableName="group_role"/>
			<dropTable tableName="user_group"/>
		</rollback>


	</changeSet>

	<!-- Create Superuser Account -->
	<changeSet author="system" id="1531291974-1">

        <insert tableName="clients">
            <column name="id" >0</column>
            <column name="uuid" >a920004b-e1aa-4a6d-85f1-10863e63490d</column>
            <column name="code" >roxwrite</column>
            <column name="name" >RoxWrite System Client</column>
            <column name="business_type_id">0</column>
            <column name="address1">3490 Piedmont Rd</column>
            <column name="address2">Suite 1350</column>
            <column name="city">Atlanta</column>
            <column name="state">GA</column>
            <column name="zip4">30305</column>
            <column name="phone_type_id" >3</column>
            <column name="phone">8884646828</column>
            <column name="website">www.roxwrite.com</column>
            <column name="active" >1</column>
            <column name="created_at" valueComputed="now()"/>
            <column name="created_by">1</column>
            <column name="updated_at" valueComputed="now()" />
            <column name="updated_by">1</column>
        </insert>

        <insert tableName="users">
            <column name="user_id">1</column>
            <column name="client_id">0</column>
            <column name="username">roxsysadm</column>
            <column name="first_name">RoxWrite</column>
            <column name="last_name">System</column>
            <!-- encrypted password (4uBzZBB351V5u!) -->
            <column name="password">$2a$12$Ox.VXcSBRAAbDE0WO8QnxuQafpIywsTsCxSBZkTLACu26d19p9RYW</column>
            <column name="email">roxwrite@roxwrite.com</column>
            <column name="registered" valueBoolean="true" />
            <column name="version">1</column>
            <column name="is_superuser">1</column>
            <column name="created_by" >1</column>
            <column name="updated_by" >1</column>
        </insert>

	</changeSet>
	<!-- SEED ROLES -->
	<changeSet author="system" id="1506555908-2">

		<validCheckSum>ANY</validCheckSum>
		<loadData encoding="UTF-8" file="liquibase/changelogs/data/role.csv"
				  quotchar="" separator="|" tableName="role">
			<column name="role_id" type="NUMERIC" />
			<column name="system_name" type="STRING" />
			<column name="name" type="STRING" />
			<column name="created_by" type="NUMERIC" />
			<column name="updated_by" type="NUMERIC" />
		</loadData>

		<rollback>
			<delete tableName="role" />
		</rollback>

	</changeSet>

	<!-- SEED PRIVILEGE -->
	<changeSet author="system" id="1506555908-3">

		<validCheckSum>ANY</validCheckSum>
		<loadData encoding="UTF-8" file="liquibase/changelogs/data/privilege.csv"
				  quotchar="" separator="|" tableName="privilege">
			<column name="privilege_id" type="NUMERIC" />
			<column name="system_name" type="STRING" />
			<column name="name" type="STRING" />
			<column name="created_by" type="NUMERIC" />
			<column name="updated_by" type="NUMERIC" />
		</loadData>

		<rollback>
			<delete tableName="privilege" />
		</rollback>

	</changeSet>

	<!-- SEED ROLE_PRIVILEGE -->
	<changeSet author="system" id="1506555908-4">

		<validCheckSum>ANY</validCheckSum>
		<loadData encoding="UTF-8" file="liquibase/changelogs/data/role_privilege.csv"
				  quotchar="" separator="|" tableName="role_privilege">
			<column name="role_id" type="NUMERIC" />
			<column name="privilege_id" type="NUMERIC" />
			<column name="created_by" type="NUMERIC" />
			<column name="updated_by" type="NUMERIC" />
		</loadData>

		<rollback>
			<delete tableName="role_privilege" />
		</rollback>

	</changeSet>

	<!-- SEED USER_ROLE -->
	<changeSet author="system" id="1531291974-2">

		<insert tableName="user_role">
			<column name="user_id" valueComputed="(SELECT user_id FROM users where username = 'roxsysadm')" />
			<column name="role_id" valueComputed="(SELECT role_id FROM role where system_name = 'ROX_ADMIN')" />
			<column name="version">1</column>
			<column name="created_by" valueComputed="(SELECT user_id FROM users where username = 'roxsysadm')"/>
			<column name="updated_by" valueComputed="(SELECT user_id FROM users where username = 'roxsysadm')"/>
		</insert>

	</changeSet>
</databaseChangeLog>
