<?xml version="1.0" encoding="UTF-8" standalone="no"?>
<databaseChangeLog xmlns="http://www.liquibase.org/xml/ns/dbchangelog"
	xmlns:ext="http://www.liquibase.org/xml/ns/dbchangelog-ext" xmlns:xsi="http://www.w3.org/2001/XMLSchema-instance"
	xsi:schemaLocation="http://www.liquibase.org/xml/ns/dbchangelog-ext http://www.liquibase.org/xml/ns/dbchangelog/dbchangelog-ext.xsd http://www.liquibase.org/xml/ns/dbchangelog http://www.liquibase.org/xml/ns/dbchangelog/dbchangelog-4.1.xsd">

	<changeSet author="system" id="1506116437-1">

		<createTable tableName="business_type">
			<column name="id" type="TINYINT">
				<constraints nullable="false" primaryKey="true" />
			</column>
			<column name="type" type="VARCHAR(45)">
				<constraints nullable="false" />
			</column>
		</createTable>

		<rollback>
			<dropTable tableName="business_type" />
		</rollback>

	</changeSet>

	<changeSet author="system" id="1513025289891-2">

		<validCheckSum>ANY</validCheckSum>
		<loadData encoding="UTF-8" file="liquibase/changelogs/data/business_types.csv"
			quotchar="" separator="|" tableName="business_type">
			<column name="id" type="NUMERIC" />
			<column name="type" type="STRING" />
		</loadData>

		<rollback>
			<delete tableName="business_type" />
		</rollback>

	</changeSet>

</databaseChangeLog>
