<?xml version="1.0" encoding="UTF-8" standalone="no"?>
<databaseChangeLog xmlns="http://www.liquibase.org/xml/ns/dbchangelog"
	xmlns:ext="http://www.liquibase.org/xml/ns/dbchangelog-ext" xmlns:xsi="http://www.w3.org/2001/XMLSchema-instance"
	xsi:schemaLocation="http://www.liquibase.org/xml/ns/dbchangelog-ext http://www.liquibase.org/xml/ns/dbchangelog/dbchangelog-ext.xsd http://www.liquibase.org/xml/ns/dbchangelog http://www.liquibase.org/xml/ns/dbchangelog/dbchangelog-4.1.xsd">

	<changeSet author="system" id="1529450613-1">
	
		<createTable tableName="BATCH_JOB_SEQ">
			<column name="id" type="BIGINT">
				<constraints primaryKey="true" />
			</column>
		</createTable>

		<createTable tableName="BATCH_JOB_EXECUTION_SEQ">
			<column name="id" type="BIGINT">
				<constraints primaryKey="true" />
			</column>
		</createTable>

		<createTable tableName="BATCH_STEP_EXECUTION_SEQ">
			<column name="id" type="BIGINT">
				<constraints primaryKey="true" />
			</column>
		</createTable>

		<createTable tableName="BATCH_JOB_INSTANCE">
			<column name="job_instance_id" type="BIGINT">
				<constraints primaryKey="true" />
			</column>
			<column name="version" type="BIGINT" />
			<column name="job_name" type="VARCHAR(100)">
				<constraints nullable="false" />
			</column>
			<column name="job_key" type="VARCHAR(2500)" />
		</createTable>

		<createTable tableName="BATCH_JOB_EXECUTION">
			<column name="job_execution_id" type="BIGINT">
				<constraints primaryKey="true" />
			</column>
			<column name="version" type="BIGINT" />
			<column name="job_configuration_location" type="VARCHAR(2000)" />
			<column name="job_instance_id" type="BIGINT">
				<constraints nullable="false" />
			</column>
			<column name="create_time" type="TIMESTAMP">
				<constraints nullable="false" />
			</column>
			<column name="start_time" type="TIMESTAMP" />
			<column name="end_time" type="TIMESTAMP" />
			<column name="status" type="VARCHAR(10)" />
			<column name="exit_code" type="VARCHAR(20)" />
			<column name="exit_message" type="VARCHAR(2500)" />
			<column name="last_updated" type="TIMESTAMP" />
		</createTable>

		<addForeignKeyConstraint baseTableName="BATCH_JOB_EXECUTION"
			baseColumnNames="job_instance_id" constraintName="job_instance_execution_fk"
			referencedTableName="BATCH_JOB_INSTANCE" referencedColumnNames="job_instance_id" />

		<createTable tableName="BATCH_JOB_EXECUTION_PARAMS">
			<column name="job_execution_id" type="BIGINT">
				<constraints nullable="false" />
			</column>
			<column name="type_cd" type="VARCHAR(6)">
				<constraints nullable="false" />
			</column>
			<column name="key_name" type="VARCHAR(100)">
				<constraints nullable="false" />
			</column>
			<column name="string_val" type="VARCHAR(250)" />
			<column name="date_val" type="TIMESTAMP" />
			<column name="long_val" type="BIGINT" />
			<column name="double_val" type="DOUBLE PRECISION" />
			<column name="identifying" type="VARCHAR(1)">
				<constraints nullable="false" />
			</column>
		</createTable>

		<addForeignKeyConstraint baseTableName="BATCH_JOB_EXECUTION_PARAMS"
			baseColumnNames="job_execution_id" constraintName="job_exec_params_fk"
			referencedTableName="BATCH_JOB_EXECUTION" referencedColumnNames="job_execution_id" />

		<createTable tableName="BATCH_JOB_EXECUTION_CONTEXT">
			<column name="job_execution_id" type="BIGINT">
				<constraints primaryKey="true" />
			</column>
			<column name="short_context" type="VARCHAR(2500)">
				<constraints nullable="false" />
			</column>
			<column name="serialized_context" type="CLOB" />
		</createTable>

		<addForeignKeyConstraint baseTableName="BATCH_JOB_EXECUTION_CONTEXT"
			baseColumnNames="job_execution_id" constraintName="job_exec_ctx_fk"
			referencedTableName="BATCH_JOB_EXECUTION" referencedColumnNames="job_execution_id" />

		<createTable tableName="BATCH_STEP_EXECUTION">
			<column name="step_execution_id" type="BIGINT">
				<constraints primaryKey="true" />
			</column>
			<column name="version" type="BIGINT">
				<constraints nullable="false" />
			</column>
			<column name="step_name" type="VARCHAR(100)">
				<constraints nullable="false" />
			</column>
			<column name="job_execution_id" type="BIGINT">
				<constraints nullable="false" />
			</column>
			<column name="start_time" type="TIMESTAMP">
				<constraints nullable="false" />
			</column>
			<column name="end_time" type="TIMESTAMP" />
			<column name="status" type="VARCHAR(10)" />
			<column name="commit_count" type="BIGINT" />
			<column name="read_count" type="BIGINT" />
			<column name="filter_count" type="BIGINT" />
			<column name="write_count" type="BIGINT" />
			<column name="read_skip_count" type="BIGINT" />
			<column name="write_skip_count" type="BIGINT" />
			<column name="process_skip_count" type="BIGINT" />
			<column name="rollback_count" type="BIGINT" />
			<column name="exit_code" type="VARCHAR(20)" />
			<column name="exit_message" type="VARCHAR(2500)" />
			<column name="last_updated" type="TIMESTAMP" />
		</createTable>

		<addForeignKeyConstraint baseTableName="BATCH_STEP_EXECUTION"
			baseColumnNames="job_execution_id" constraintName="job_execution_step_fk"
			referencedTableName="BATCH_JOB_EXECUTION" referencedColumnNames="job_execution_id" />

		<createTable tableName="BATCH_STEP_EXECUTION_CONTEXT">
			<column name="step_execution_id" type="BIGINT">
				<constraints primaryKey="true" />
			</column>
			<column name="short_context" type="VARCHAR(2500)">
				<constraints nullable="false" />
			</column>
			<column name="serialized_context" type="CLOB" />
		</createTable>

	</changeSet>

	<changeSet author="system" id="1529450613-2">

 		<insert tableName="BATCH_JOB_SEQ">
			<column name="id">0</column>
		</insert>

		 <insert tableName="BATCH_JOB_EXECUTION_SEQ">
			<column name="id">0</column>
		</insert>

		 <insert tableName="BATCH_STEP_EXECUTION_SEQ">
			<column name="id">0</column>
		</insert>

	</changeSet>

</databaseChangeLog>
