<?xml version="1.0" encoding="UTF-8" standalone="no"?>
<databaseChangeLog xmlns="http://www.liquibase.org/xml/ns/dbchangelog"
	xmlns:ext="http://www.liquibase.org/xml/ns/dbchangelog-ext" xmlns:xsi="http://www.w3.org/2001/XMLSchema-instance"
	xsi:schemaLocation="http://www.liquibase.org/xml/ns/dbchangelog-ext http://www.liquibase.org/xml/ns/dbchangelog/dbchangelog-ext.xsd http://www.liquibase.org/xml/ns/dbchangelog http://www.liquibase.org/xml/ns/dbchangelog/dbchangelog-4.1.xsd">

	<changeSet author="system" id="1629450615-1">
	
		<createTable tableName="QRTZ_JOB_DETAILS">
			<column name="SCHED_NAME" type="VARCHAR(120)">
				<constraints nullable="false" />
			</column>
			<column name="JOB_NAME" type="VARCHAR(200)">
				<constraints nullable="false" />
			</column>		
			<column name="JOB_GROUP" type="VARCHAR(200)">
				<constraints nullable="false" />
			</column>
			<column name="DESCRIPTION" type="VARCHAR(250)" />
			<column name="JOB_CLASS_NAME" type="VARCHAR(250)">
				<constraints nullable="false" />
			</column>
			<column name="IS_DURABLE" type="BOOLEAN">
				<constraints nullable="false" />
			</column>
			<column name="IS_NONCONCURRENT" type="BOOLEAN">
				<constraints nullable="false" />
			</column>
			<column name="IS_UPDATE_DATA" type="BOOLEAN">
				<constraints nullable="false" />
			</column>
			<column name="REQUESTS_RECOVERY" type="BOOLEAN">
				<constraints nullable="false" />
			</column>
			<column name="JOB_DATA" type="BLOB" />
		</createTable>
		
		<addPrimaryKey columnNames="SCHED_NAME,JOB_NAME,JOB_GROUP" constraintName="QRTZ_JOB_DETAILS_PRIMARY" tableName="QRTZ_JOB_DETAILS" />
	
		<createTable tableName="QRTZ_TRIGGERS">
			<column name="SCHED_NAME" type="VARCHAR(120)">
				<constraints nullable="false" />
			</column>
			<column name="TRIGGER_NAME" type="VARCHAR(200)">
				<constraints nullable="false" />
			</column>		
			<column name="TRIGGER_GROUP" type="VARCHAR(200)">
				<constraints nullable="false" />
			</column>
			<column name="JOB_NAME" type="VARCHAR(200)" >
				<constraints nullable="false" />
			</column>
			<column name="JOB_GROUP" type="VARCHAR(200)">
				<constraints nullable="false" />
			</column>
			<column name="DESCRIPTION" type="VARCHAR(250)" />
			<column name="NEXT_FIRE_TIME" type="BIGINT" />
			<column name="PREV_FIRE_TIME" type="BIGINT" />
			<column name="PRIORITY" type="INT" />
			<column name="TRIGGER_STATE" type="VARCHAR(16)">
				<constraints nullable="false" />
			</column>		
			<column name="TRIGGER_TYPE" type="VARCHAR(8)">
				<constraints nullable="false" />
			</column>
			<column name="START_TIME" type="BIGINT">
				<constraints nullable="false" />
			</column>
			<column name="END_TIME" type="BIGINT" />
			<column name="CALENDAR_NAME" type="VARCHAR(200)" />
			<column name="MISFIRE_INSTR" type="SMALLINT(2)" />
			<column name="JOB_DATA" type="bytea" />
		</createTable>
		
		<addPrimaryKey columnNames="SCHED_NAME,TRIGGER_NAME,TRIGGER_GROUP" constraintName="QRTZ_TRIGGERS_PRIMARY" tableName="QRTZ_TRIGGERS" />
	
		<createTable tableName="QRTZ_SIMPLE_TRIGGERS">
			<column name="SCHED_NAME" type="VARCHAR(120)">
				<constraints nullable="false" />
			</column>
			<column name="TRIGGER_NAME" type="VARCHAR(200)">
				<constraints nullable="false" />
			</column>		
			<column name="TRIGGER_GROUP" type="VARCHAR(200)">
				<constraints nullable="false" />
			</column>
			<column name="REPEAT_COUNT" type="BIGINT" >
				<constraints nullable="false" />
			</column>
			<column name="REPEAT_INTERVAL" type="BIGINT">
				<constraints nullable="false" />
			</column>
			<column name="TIMES_TRIGGERED" type="BIGINT">
				<constraints nullable="false" />
			</column>
	
		</createTable>
		
		<addPrimaryKey columnNames="SCHED_NAME,TRIGGER_NAME,TRIGGER_GROUP" constraintName="QRTZ_SIMPLE_TRIGGERS_PRIMARY" tableName="QRTZ_SIMPLE_TRIGGERS" />
	
		<createTable tableName="QRTZ_CRON_TRIGGERS">
			<column name="SCHED_NAME" type="VARCHAR(120)">
				<constraints nullable="false" />
			</column>
			<column name="TRIGGER_NAME" type="VARCHAR(200)">
				<constraints nullable="false" />
			</column>		
			<column name="TRIGGER_GROUP" type="VARCHAR(200)">
				<constraints nullable="false" />
			</column>
			<column name="CRON_EXPRESSION" type="VARCHAR(120)" >
				<constraints nullable="false" />
			</column>
			<column name="TIME_ZONE_ID" type="VARCHAR(80)" />
	
		</createTable>
		
		<addPrimaryKey columnNames="SCHED_NAME,TRIGGER_NAME,TRIGGER_GROUP" constraintName="QRTZ_CRON_TRIGGERS_PRIMARY" tableName="QRTZ_CRON_TRIGGERS" />
	
		<createTable tableName="QRTZ_SIMPROP_TRIGGERS">
			<column name="SCHED_NAME" type="VARCHAR(120)">
				<constraints nullable="false" />
			</column>
			<column name="TRIGGER_NAME" type="VARCHAR(200)">
				<constraints nullable="false" />
			</column>		
			<column name="TRIGGER_GROUP" type="VARCHAR(200)">
				<constraints nullable="false" />
			</column>
			<column name="STR_PROP_1" type="VARCHAR(512)" />
			<column name="STR_PROP_2" type="VARCHAR(512)" />
			<column name="STR_PROP_3" type="VARCHAR(512)" />
			<column name="INT_PROP_1" type="INT" />
			<column name="INT_PROP_2" type="INT" />
			<column name="LONG_PROP_1" type="BIGINT" />
			<column name="LONG_PROP_2" type="BIGINT" />
			<column name="DEC_PROP_1" type="DECIMAL(13,4)" />
			<column name="DEC_PROP_2" type="DECIMAL(13,4)" />
			<column name="BOOL_PROP_1" type="BOOLEAN" />
			<column name="BOOL_PROP_2" type="BOOLEAN" />
			<column name="TIME_ZONE_ID" type="VARCHAR(80)" />
		</createTable>
		
		<addPrimaryKey columnNames="SCHED_NAME,TRIGGER_NAME,TRIGGER_GROUP" constraintName="QRTZ_SIMPROP_TRIGGERS_PRIMARY" tableName="QRTZ_SIMPROP_TRIGGERS" />
	
		<createTable tableName="QRTZ_BLOB_TRIGGERS">
			<column name="SCHED_NAME" type="VARCHAR(120)">
				<constraints nullable="false" />
			</column>
			<column name="TRIGGER_NAME" type="VARCHAR(200)">
				<constraints nullable="false" />
			</column>		
			<column name="TRIGGER_GROUP" type="VARCHAR(200)">
				<constraints nullable="false" />
			</column>
			<column name="BLOB_DATA" type="BLOB" >
				<constraints nullable="false" />
			</column>
			
		</createTable>
		
		<addPrimaryKey columnNames="SCHED_NAME,TRIGGER_NAME,TRIGGER_GROUP" constraintName="QRTZ_BLOB_TRIGGERS_PRIMARY" tableName="QRTZ_BLOB_TRIGGERS" />
	
		<createTable tableName="QRTZ_CALENDARS">
			<column name="SCHED_NAME" type="VARCHAR(120)">
				<constraints nullable="false" />
			</column>
			<column name="CALENDAR_NAME" type="VARCHAR(200)">
				<constraints nullable="false" />
			</column>		
			<column name="CALENDAR" type="BLOB" >
				<constraints nullable="false" />
			</column>
			
		</createTable>
		
		<addPrimaryKey columnNames="SCHED_NAME,CALENDAR_NAME" constraintName="QRTZ_CALENDARS_PRIMARY" tableName="QRTZ_CALENDARS" />
	
		<createTable tableName="QRTZ_PAUSED_TRIGGER_GRPS">
			<column name="SCHED_NAME" type="VARCHAR(120)">
				<constraints nullable="false" />
			</column>
			<column name="TRIGGER_GROUP" type="VARCHAR(200)">
				<constraints nullable="false" />
			</column>		
		</createTable>
		
		<addPrimaryKey columnNames="SCHED_NAME,TRIGGER_GROUP" constraintName="QRTZ_PAUSED_TRIGGER_GRPS_PRIMARY" tableName="QRTZ_PAUSED_TRIGGER_GRPS" />
	
		<createTable tableName="QRTZ_FIRED_TRIGGERS">
			<column name="SCHED_NAME" type="VARCHAR(120)">
				<constraints nullable="false" />
			</column>
			<column name="ENTRY_ID" type="VARCHAR(140)">
				<constraints nullable="false" />
			</column>
			<column name="TRIGGER_NAME" type="VARCHAR(200)">
				<constraints nullable="false" />
			</column>
			<column name="TRIGGER_GROUP" type="VARCHAR(200)">
				<constraints nullable="false" />
			</column>
			<column name="INSTANCE_NAME" type="VARCHAR(200)" >
				<constraints nullable="false" />
			</column>
			<column name="FIRED_TIME" type="BIGINT">
				<constraints nullable="false" />
			</column>
			<column name="SCHED_TIME" type="BIGINT">
				<constraints nullable="false" />
			</column>
			<column name="PRIORITY" type="INT" >
				<constraints nullable="false" />
			</column>
			<column name="STATE" type="VARCHAR(16)" >
				<constraints nullable="false" />
			</column>
			<column name="JOB_NAME" type="VARCHAR(200)" />
			<column name="JOB_GROUP" type="VARCHAR(200)" />
			<column name="IS_NONCONCURRENT" type="BOOLEAN" />
			<column name="REQUESTS_RECOVERY" type="BOOLEAN" />
		</createTable>
		
		<addPrimaryKey columnNames="SCHED_NAME,ENTRY_ID" constraintName="QRTZ_FIRED_TRIGGERS_PRIMARY" tableName="QRTZ_FIRED_TRIGGERS" />
	
		<createTable tableName="QRTZ_SCHEDULER_STATE">
			<column name="SCHED_NAME" type="VARCHAR(120)">
				<constraints nullable="false" />
			</column>
			<column name="INSTANCE_NAME" type="VARCHAR(140)">
				<constraints nullable="false" />
			</column>
			<column name="LAST_CHECKIN_TIME" type="VARCHAR(200)">
				<constraints nullable="false" />
			</column>
			<column name="CHECKIN_INTERVAL" type="VARCHAR(200)">
				<constraints nullable="false" />
			</column>
		</createTable>
		
		<addPrimaryKey columnNames="SCHED_NAME,INSTANCE_NAME" constraintName="QRTZ_SCHEDULER_STATE_PRIMARY" tableName="QRTZ_SCHEDULER_STATE" />
	
		<createTable tableName="QRTZ_LOCKS">
			<column name="SCHED_NAME" type="VARCHAR(120)">
				<constraints nullable="false" />
			</column>
			<column name="LOCK_NAME" type="VARCHAR(40)">
				<constraints nullable="false" />
			</column>
		</createTable>
		
		<addPrimaryKey columnNames="SCHED_NAME,LOCK_NAME" constraintName="QRTZ_LOCKS_PRIMARY" tableName="QRTZ_LOCKS" />
	
		<createIndex indexName="IDX_QRTZ_J_REQ_RECOVERY" tableName="QRTZ_JOB_DETAILS">
			<column name="SCHED_NAME"/>
			<column name="REQUESTS_RECOVERY"/>
		</createIndex>
		
		<createIndex indexName="IDX_QRTZ_J_GRP" tableName="QRTZ_JOB_DETAILS">
			<column name="SCHED_NAME"/>
			<column name="JOB_GROUP"/>
		</createIndex>
		
		<createIndex indexName="IDX_QRTZ_T_J" tableName="QRTZ_TRIGGERS">
			<column name="SCHED_NAME"/>
			<column name="JOB_NAME"/>
			<column name="JOB_GROUP"/>
		</createIndex>
		
		<createIndex indexName="IDX_QRTZ_T_JG" tableName="QRTZ_TRIGGERS">
			<column name="SCHED_NAME"/>
			<column name="JOB_GROUP"/>
		</createIndex>
		
		<createIndex indexName="IDX_QRTZ_T_C" tableName="QRTZ_TRIGGERS">
			<column name="SCHED_NAME"/>
			<column name="CALENDAR_NAME"/>
		</createIndex>
		
		<createIndex indexName="IDX_QRTZ_T_G" tableName="QRTZ_TRIGGERS">
			<column name="SCHED_NAME"/>
			<column name="TRIGGER_GROUP"/>
		</createIndex>
		
		<createIndex indexName="IDX_QRTZ_T_STATE" tableName="QRTZ_TRIGGERS">
			<column name="SCHED_NAME"/>
			<column name="TRIGGER_STATE"/>
		</createIndex>
		
		<createIndex indexName="IDX_QRTZ_T_N_STATE" tableName="QRTZ_TRIGGERS">
			<column name="SCHED_NAME"/>
			<column name="TRIGGER_NAME"/>
			<column name="TRIGGER_GROUP"/>
			<column name="TRIGGER_STATE"/>
		</createIndex>
		
		<createIndex indexName="IDX_QRTZ_T_N_G_STATE" tableName="QRTZ_TRIGGERS">
			<column name="SCHED_NAME"/>
			<column name="TRIGGER_GROUP"/>
			<column name="TRIGGER_STATE"/>
		</createIndex>
		
		<createIndex indexName="IDX_QRTZ_T_NEXT_FIRE_TIME" tableName="QRTZ_TRIGGERS">
			<column name="SCHED_NAME"/>
			<column name="NEXT_FIRE_TIME"/>
		</createIndex>
		
		<createIndex indexName="IDX_QRTZ_T_NFT_ST" tableName="QRTZ_TRIGGERS">
			<column name="SCHED_NAME"/>
			<column name="TRIGGER_STATE"/>
			<column name="NEXT_FIRE_TIME"/>
		</createIndex>
		
		<createIndex indexName="IDX_QRTZ_T_NFT_MISFIRE" tableName="QRTZ_TRIGGERS">
			<column name="SCHED_NAME"/>
			<column name="MISFIRE_INSTR"/>
			<column name="NEXT_FIRE_TIME"/>
		</createIndex>
		
		<createIndex indexName="IDX_QRTZ_T_NFT_ST_MISFIRE" tableName="QRTZ_TRIGGERS">
			<column name="SCHED_NAME"/>
			<column name="MISFIRE_INSTR"/>
			<column name="NEXT_FIRE_TIME"/>
			<column name="TRIGGER_STATE"/>
		</createIndex>
		
		<createIndex indexName="IDX_QRTZ_T_NFT_ST_MISFIRE_GRP" tableName="QRTZ_TRIGGERS">
			<column name="SCHED_NAME"/>
			<column name="MISFIRE_INSTR"/>
			<column name="NEXT_FIRE_TIME"/>
			<column name="TRIGGER_GROUP"/>
			<column name="TRIGGER_STATE"/>
		</createIndex>
		
		<createIndex indexName="IDX_QRTZ_FT_TRIG_INST_NAME" tableName="QRTZ_FIRED_TRIGGERS">
			<column name="SCHED_NAME"/>
			<column name="INSTANCE_NAME"/>
		</createIndex>
		
		<createIndex indexName="IDX_QRTZ_FT_INST_JOB_REQ_RCVRY" tableName="QRTZ_FIRED_TRIGGERS">
			<column name="SCHED_NAME"/>
			<column name="INSTANCE_NAME"/>
			<column name="REQUESTS_RECOVERY"/>
		</createIndex>
		
		<createIndex indexName="IDX_QRTZ_FT_J_G" tableName="QRTZ_FIRED_TRIGGERS">
			<column name="SCHED_NAME"/>
			<column name="JOB_NAME"/>
			<column name="JOB_GROUP"/>
		</createIndex>
		
		<createIndex indexName="IDX_QRTZ_FT_JG" tableName="QRTZ_FIRED_TRIGGERS">
			<column name="SCHED_NAME"/>
			<column name="JOB_GROUP"/>
		</createIndex>
		
		<createIndex indexName="IDX_QRTZ_FT_T_G" tableName="QRTZ_FIRED_TRIGGERS">
			<column name="SCHED_NAME"/>
			<column name="TRIGGER_NAME"/>
			<column name="TRIGGER_GROUP"/>
		</createIndex>
		
		<createIndex indexName="IDX_QRTZ_FT_TG" tableName="QRTZ_FIRED_TRIGGERS">
			<column name="SCHED_NAME"/>
			<column name="TRIGGER_GROUP"/>
		</createIndex>
		
	</changeSet>

</databaseChangeLog>
