<?xml version="1.0" encoding="UTF-8" standalone="no"?>
<databaseChangeLog xmlns="http://www.liquibase.org/xml/ns/dbchangelog"
 				xmlns:ext="http://www.liquibase.org/xml/ns/dbchangelog-ext"
				xmlns:xsi="http://www.w3.org/2001/XMLSchema-instance"
				xsi:schemaLocation="http://www.liquibase.org/xml/ns/dbchangelog-ext http://www.liquibase.org/xml/ns/dbchangelog/dbchangelog-ext.xsd http://www.liquibase.org/xml/ns/dbchangelog http://www.liquibase.org/xml/ns/dbchangelog/dbchangelog-4.1.xsd">
	<!-- id can also be descriptor, e.g.: create_{TABLE_NAME}_table -->
	<changeSet author="system" id="1588283535-2">
		<validCheckSum>ANY</validCheckSum>
		<loadUpdateData encoding="UTF-8" file="liquibase/changelogs/data/identification_types.csv"
			quotchar="" separator="|" tableName="identification_type" primaryKey="id">
			<column name="id" type="NUMERIC" />
			<column name="type" type="string" />
		</loadUpdateData>

	</changeSet>
</databaseChangeLog>
