<?xml version="1.0" encoding="UTF-8" standalone="no"?>
<databaseChangeLog
	xmlns="http://www.liquibase.org/xml/ns/dbchangelog"
	xmlns:ext="http://www.liquibase.org/xml/ns/dbchangelog-ext"
	xmlns:xsi="http://www.w3.org/2001/XMLSchema-instance"
	xsi:schemaLocation="http://www.liquibase.org/xml/ns/dbchangelog-ext http://www.liquibase.org/xml/ns/dbchangelog/dbchangelog-ext.xsd http://www.liquibase.org/xml/ns/dbchangelog http://www.liquibase.org/xml/ns/dbchangelog/dbchangelog-4.1.xsd">

	<changeSet author="system" id="1635758171-2">
		<createTable tableName="business">
			<column autoIncrement="true" name="id" type="BIGINT">
				<constraints primaryKey="true" nullable="false" />
			</column>
			<column name="application_id" type="BIGINT">
				<constraints nullable="false" references="application(id)"
							 foreignKeyName="FK_business_application"/>
			</column>

			<column name="name" type="varchar(30)" >
				<constraints nullable="false"/>
			</column>
			<column name="business_type_id" type="BIGINT">
				<constraints nullable="false" references="business_type(id)"
							 foreignKeyName="FK_business_business_type"/>
			</column>
			<column name="industry_type_id" type="BIGINT">
				<constraints nullable="false" references="industry_type(id)"
							 foreignKeyName="FK_business_industry_type"/>
			</column>
			<column name="dot_number" type="VARCHAR(30)"/>
			<column name="mc_number" type="VARCHAR(30)"/>

			<column name="website" type="VARCHAR(30)"/>
			<column name="dba_name" type="VARCHAR(30)"/>

			<!--
			 category_id is used to differentiate business vs debtor
				0 - business,
				1 - debtor
			-->
			<column name="category_id" type="BIGINT" defaultValueNumeric="0">
				<constraints nullable="false" />
			</column>
			<column name="is_primary" type="boolean" defaultValueBoolean="false">
				<constraints nullable="false"/>
			</column>
			<column name="created_at" type="TIMESTAMP">
				<constraints nullable="false" />
			</column>
			<column name="created_by" type="int(11)">
				<constraints nullable="false" />
			</column>
			<column name="updated_at" type="TIMESTAMP">
				<constraints nullable="false" />
			</column>
			<column name="updated_by" type="int(11)">
				<constraints nullable="false" />
			</column>
		</createTable>

		<!-- business and address junction table -->
		<createTable tableName="business_address">
			<column name="address_id" type="TINYINT">
				<constraints nullable="false" references="address(id)"
							 foreignKeyName="FK_business_address_address" />
			</column>
			<column name="business_id" type="TINYINT">
				<constraints nullable="false" references="business(id)"
							 foreignKeyName="FK_business_address_business" />
			</column>
		</createTable>

		<!-- business and identification junction table -->
		<createTable tableName="business_identification">
			<column name="identification_id" type="TINYINT">
				<constraints nullable="false" references="identification(id)"
							 foreignKeyName="FK_business_identification_identification" />
			</column>
			<column name="business_id" type="TINYINT">
				<constraints nullable="false" references="business(id)"
							 foreignKeyName="FK_business_identification_business" />
			</column>
		</createTable>

		<!-- business and email junction table -->
		<createTable tableName="business_email">
			<column name="email_id" type="TINYINT">
				<constraints nullable="false" references="email(id)"
							 foreignKeyName="FK_business_email_email" />
			</column>
			<column name="business_id" type="TINYINT">
				<constraints nullable="false" references="business(id)"
							 foreignKeyName="FK_business_email_business" />
			</column>
		</createTable>

		<!-- business and phone junction table -->
		<createTable tableName="business_phone">
			<column name="phone_id" type="TINYINT">
				<constraints nullable="false" references="phone(id)"
							 foreignKeyName="FK_business_phone_phone" />
			</column>
			<column name="business_id" type="TINYINT">
				<constraints nullable="false" references="business(id)"
							 foreignKeyName="FK_business_phone_business" />
			</column>
		</createTable>

		<rollback>
			<dropTable tableName="business" />
			<dropTable tableName="business_address" />
			<dropTable tableName="business_identification" />
			<dropTable tableName="business_email" />
			<dropTable tableName="business_phone" />
		</rollback>
	</changeSet>

</databaseChangeLog>
