<?xml version="1.0" encoding="UTF-8" standalone="no"?>
<databaseChangeLog xmlns="http://www.liquibase.org/xml/ns/dbchangelog"
 				xmlns:ext="http://www.liquibase.org/xml/ns/dbchangelog-ext"
				xmlns:xsi="http://www.w3.org/2001/XMLSchema-instance"
				xsi:schemaLocation="http://www.liquibase.org/xml/ns/dbchangelog-ext http://www.liquibase.org/xml/ns/dbchangelog/dbchangelog-ext.xsd http://www.liquibase.org/xml/ns/dbchangelog http://www.liquibase.org/xml/ns/dbchangelog/dbchangelog-4.1.xsd">

	<!-- id can also be descriptor, e.g.: create_{TABLE_NAME}_table -->
	<changeSet author="system" id="1587413901-1">

		<createTable tableName="email_type">

			<column name="id" type="BIGINT" autoIncrement="true">
				<constraints nullable="false" primaryKey="true"/>
			</column>
			<column name="type" type="VARCHAR(30)"/>
		</createTable>

		<createTable tableName="email">	
				
			<column name="id" type="BIGINT" autoIncrement="true" >
				<constraints nullable="false" primaryKey="true"/>
			</column>
			<column name="email_type_id" type="BIGINT">
				<constraints nullable="false" references="email_type(id)"
							 foreignKeyName="FK_email_email_type"/>
			</column>			
			<column name="xref_id" type="BIGINT"/>
			<column name="xref_type_id" type="BIGINT"/>
			<column name="description" type="VARCHAR(250)"/>
			<column name="email_address" type="VARCHAR(250)"/>
			<column name="is_primary" type="boolean" defaultValueBoolean="false">
				<constraints nullable="false"/>
			</column>
			<column name="created_at" type="TIMESTAMP">
				<constraints nullable="false" />
			</column>
			<column name="updated_at" type="TIMESTAMP">
				<constraints nullable="false" />
			</column>
			<column name="created_by" type="INT">
				<constraints nullable="false" />
			</column>
			<column name="updated_by" type="INT">
				<constraints nullable="false" />
			</column>
			
		</createTable>

		<rollback>
			<dropTable tableName="email"/>
			<dropTable tableName="email_type"/>
		</rollback>
	</changeSet>
</databaseChangeLog>
