<databaseChangeLog xmlns="http://www.liquibase.org/xml/ns/dbchangelog" 
	xmlns:ext="http://www.liquibase.org/xml/ns/dbchangelog-ext" xmlns:xsi="http://www.w3.org/2001/XMLSchema-instance" 
	xsi:schemaLocation="http://www.liquibase.org/xml/ns/dbchangelog-ext 
		http://www.liquibase.org/xml/ns/dbchangelog/dbchangelog-ext.xsd 
		http://www.liquibase.org/xml/ns/dbchangelog 
		http://www.liquibase.org/xml/ns/dbchangelog/dbchangelog-4.1.xsd">
		
	<changeSet author="system" id="1505853741371-1">
		<createTable tableName="hibernate_sequence">
			<column name="next_val" type="BIGINT"/>
		</createTable>
		<rollback>
			<dropTable tableName="hibernate_sequence"/>
		</rollback>
	</changeSet>
	<changeSet author="system" id="1505853741371-2">
		<insert tableName="hibernate_sequence">
			<column name="next_val">1</column>
		</insert>
	</changeSet>
</databaseChangeLog>
