<?xml version="1.0" encoding="UTF-8" standalone="no"?>
<databaseChangeLog
	xmlns="http://www.liquibase.org/xml/ns/dbchangelog"
	xmlns:ext="http://www.liquibase.org/xml/ns/dbchangelog-ext"
	xmlns:xsi="http://www.w3.org/2001/XMLSchema-instance"
	xsi:schemaLocation="http://www.liquibase.org/xml/ns/dbchangelog-ext http://www.liquibase.org/xml/ns/dbchangelog/dbchangelog-ext.xsd http://www.liquibase.org/xml/ns/dbchangelog http://www.liquibase.org/xml/ns/dbchangelog/dbchangelog-4.1.xsd">

	<changeSet author="system" id="1635758172-2">
		<createTable tableName="clients">
			<column autoIncrement="true" name="id" type="BIGINT">
				<constraints primaryKey="true" nullable="false" />
			</column>
			<column name="uuid" type="uuid" />
			<column name="code" type="varchar(20)" />
			<column name="name" type="varchar(100)" >
				<constraints nullable="false"/>
			</column>
			<column name="business_type_id" type="BIGINT">
				<constraints nullable="false" />
			</column>
			<column name="address1" type="VARCHAR(250)"/>
			<column name="address2" type="VARCHAR(250)"/>
			<column name="city" type="VARCHAR(30)"/>
			<column name="state" type="VARCHAR(50)"/>
			<column name="zip4" type="VARCHAR(10)"/>
			<column name="zip5" type="VARCHAR(10)"/>
			<column name="county" type="VARCHAR(30)"/>
			<column name="EIN" type="VARCHAR(30)"/>
			<column name="phone_type_id" type="INT" />
			<column name="phone" type="VARCHAR(10)"/>
			<column name="website" type="VARCHAR(100)"/>
			<column name="active" type="int(11)" />
			<column name="created_at" type="TIMESTAMP">
				<constraints nullable="false" />
			</column>
			<column name="created_by" type="int(11)">
				<constraints nullable="false" />
			</column>
			<column name="updated_at" type="TIMESTAMP">
				<constraints nullable="false" />
			</column>
			<column name="updated_by" type="int(11)">
				<constraints nullable="false" />
			</column>
		</createTable>
		<rollback>
			<dropTable tableName="clients" />
		</rollback>
	</changeSet>

</databaseChangeLog>
