<?xml version="1.0" encoding="UTF-8" standalone="no"?>
<databaseChangeLog
        xmlns="http://www.liquibase.org/xml/ns/dbchangelog"
        xmlns:ext="http://www.liquibase.org/xml/ns/dbchangelog-ext"
        xmlns:xsi="http://www.w3.org/2001/XMLSchema-instance"
        xsi:schemaLocation="http://www.liquibase.org/xml/ns/dbchangelog-ext http://www.liquibase.org/xml/ns/dbchangelog/dbchangelog-ext.xsd http://www.liquibase.org/xml/ns/dbchangelog http://www.liquibase.org/xml/ns/dbchangelog/dbchangelog-4.1.xsd">

    <changeSet author="system" id="1635758170-2">
        <createTable tableName="status_log">
            <!-- Key(s) -->
            <column autoIncrement="true" name="id" type="BIGINT">
                <constraints primaryKey="true" nullable="false" />
            </column>

            <!-- FK(s) -->
            <column name="application_id" type="BIGINT">
                <constraints nullable="false" references="application(id)"
                             foreignKeyName="FK_status_log_application"/>
            </column>
            <column name="application_status_id" type="TINYINT">
                <constraints nullable="false" references="application_status(id)"
                             foreignKeyName="FK_status_log_status"/>
            </column>
            <column name="user_id" type="BIGINT">
                <constraints nullable="false" references="users(user_id)"
                             foreignKeyName="FK_status_log_user"/>
            </column>

            <!-- METADATA COLUMNS -->
            <column name="created_at" type="TIMESTAMP">
                <constraints nullable="false" />
            </column>
            <column name="updated_at" type="TIMESTAMP">
                <constraints nullable="false" />
            </column>
            <column name="created_by" type="int(11)">
                <constraints nullable="false" />
            </column>
            <column name="updated_by" type="INT">
                <constraints nullable="false" />
            </column>

        </createTable>

        <rollback>
            <dropTable tableName="status_log" />
        </rollback>
    </changeSet>

</databaseChangeLog>
