<?xml version="1.0" encoding="UTF-8" standalone="no"?>
<databaseChangeLog xmlns="http://www.liquibase.org/xml/ns/dbchangelog"
 				xmlns:ext="http://www.liquibase.org/xml/ns/dbchangelog-ext"
				xmlns:xsi="http://www.w3.org/2001/XMLSchema-instance"
				xsi:schemaLocation="http://www.liquibase.org/xml/ns/dbchangelog-ext http://www.liquibase.org/xml/ns/dbchangelog/dbchangelog-ext.xsd http://www.liquibase.org/xml/ns/dbchangelog http://www.liquibase.org/xml/ns/dbchangelog/dbchangelog-4.1.xsd">
	<!-- id can also be descriptor, e.g.: create_{TABLE_NAME}_table -->

	<!-- Address type -->
	<changeSet author="system" id="1586816929-1">
		<createTable tableName="address_type">

			<column name="id" type="BIGINT" autoIncrement="true">
				<constraints nullable="false" primaryKey="true" />
			</column>
			<column name="type" type="VARCHAR(30)"/>

		</createTable>

		<rollback>
			<dropTable tableName="address_type"/>
		</rollback>
	</changeSet>

	<!-- Address -->
	<changeSet author="system" id="1586816929-2">
		<createTable tableName="address">
		
			<column name="id" type="BIGINT" autoIncrement="true">
				<constraints nullable="false" primaryKey="true" />
			</column>
			<column name="address_type_id" type="BIGINT">
				<constraints nullable="false" references="address_type(id)"
							 foreignKeyName="FK_address_address_type"/>
			</column>
			<column name="description" type="VARCHAR(250)"/>
			<column name="xref_id" type="BIGINT"/>
			<column name="xref_type_id" type="BIGINT"/>
			<column name="is_primary" type="boolean" defaultValueBoolean="false">
				<constraints nullable="false"/>
			</column>
			<column name="address1" type="VARCHAR(250)"/>
			<column name="address2" type="VARCHAR(250)"/>
			<column name="city" type="VARCHAR(30)"/>
			<column name="state" type="VARCHAR(50)"/>
			<column name="zip4" type="VARCHAR(10)"/>
			<column name="zip5" type="VARCHAR(10)"/>
			<column name="country_code" type="VARCHAR(10)"/>
			<column name="county" type="VARCHAR(30)"/>
			<column name="created_at" type="TIMESTAMP">
				<constraints nullable="false" />
			</column>
			<column name="updated_at" type="TIMESTAMP">
				<constraints nullable="false" />
			</column>
			<column name="created_by" type="INT">
				<constraints nullable="false" />
			</column>
			<column name="updated_by" type="INT">
				<constraints nullable="false" />
			</column>
			
		</createTable>
		
		<rollback>
			<dropTable tableName="address"/>
		</rollback>
	</changeSet>

	

	
</databaseChangeLog>
