<?xml version="1.0" encoding="UTF-8" standalone="no"?>
<databaseChangeLog
	xmlns="http://www.liquibase.org/xml/ns/dbchangelog"
	xmlns:ext="http://www.liquibase.org/xml/ns/dbchangelog-ext"
	xmlns:xsi="http://www.w3.org/2001/XMLSchema-instance"
	xsi:schemaLocation="http://www.liquibase.org/xml/ns/dbchangelog-ext http://www.liquibase.org/xml/ns/dbchangelog/dbchangelog-ext.xsd http://www.liquibase.org/xml/ns/dbchangelog http://www.liquibase.org/xml/ns/dbchangelog/dbchangelog-4.1.xsd">

	<changeSet author="system" id="1635758174-2">
		<createTable tableName="owner">
			<column autoIncrement="true" name="id" type="BIGINT">
				<constraints primaryKey="true" nullable="false" />
			</column>
			<column name="application_id" type="BIGINT">
				<constraints nullable="false" references="application(id)"
							 foreignKeyName="FK_owner_application"/>
			</column>

			<column name="uuid" type="uuid">
				<constraints nullable="false"/>
			</column>

			<column name="first_name" type="VARCHAR(45)">
				<constraints nullable="false" />
			</column>
			<column name="last_name" type="VARCHAR(45)">
				<constraints nullable="false" />
			</column>
			<column name="identifier" type="VARCHAR(20)">
				<constraints nullable="true"/>
			</column>
			<column name="date_of_birth" type="DATE" />
			<column name="created_at" type="TIMESTAMP">
				<constraints nullable="false" />
			</column>
			<column name="created_by" type="int(11)">
				<constraints nullable="false" />
			</column>
			<column name="updated_at" type="TIMESTAMP">
				<constraints nullable="false" />
			</column>
			<column name="updated_by" type="int(11)">
				<constraints nullable="false" />
			</column>
		</createTable>

		<!-- owner and address junction table -->
		<createTable tableName="owner_address">
			<column name="address_id" type="TINYINT">
				<constraints nullable="false" references="address(id)"
							 foreignKeyName="FK_owner_address_address" />
			</column>
			<column name="owner_id" type="TINYINT">
				<constraints nullable="false" references="owner(id)"
							 foreignKeyName="FK_owner_address_owner" />
			</column>
		</createTable>

		<!-- owner and identification junction table -->
		<createTable tableName="owner_identification">
			<column name="identification_id" type="TINYINT">
				<constraints nullable="false" references="identification(id)"
							 foreignKeyName="FK_owner_identification_identification" />
			</column>
			<column name="owner_id" type="TINYINT">
				<constraints nullable="false" references="owner(id)"
							 foreignKeyName="FK_owner_identification_owner" />
			</column>
		</createTable>

		<!-- owner and email junction table -->
		<createTable tableName="owner_email">
			<column name="email_id" type="TINYINT">
				<constraints nullable="false" references="email(id)"
							 foreignKeyName="FK_owner_email_email" />
			</column>
			<column name="owner_id" type="TINYINT">
				<constraints nullable="false" references="owner(id)"
							 foreignKeyName="FK_owner_email_owner" />
			</column>
		</createTable>

		<!-- owner and phone junction table -->
		<createTable tableName="owner_phone">
			<column name="phone_id" type="TINYINT">
				<constraints nullable="false" references="phone(id)"
							 foreignKeyName="FK_owner_phone_phone" />
			</column>
			<column name="owner_id" type="TINYINT">
				<constraints nullable="false" references="owner(id)"
							 foreignKeyName="FK_owner_phone_owner" />
			</column>
		</createTable>

		<rollback>
			<dropTable tableName="owner" />
			<dropTable tableName="owner_address" />
			<dropTable tableName="owner_identification" />
			<dropTable tableName="owner_email" />
			<dropTable tableName="owner_phone" />
		</rollback>
	</changeSet>

</databaseChangeLog>
