<?xml version="1.0" encoding="UTF-8" standalone="no"?>
<databaseChangeLog xmlns="http://www.liquibase.org/xml/ns/dbchangelog"
 				xmlns:ext="http://www.liquibase.org/xml/ns/dbchangelog-ext"
				xmlns:xsi="http://www.w3.org/2001/XMLSchema-instance"
				xsi:schemaLocation="http://www.liquibase.org/xml/ns/dbchangelog-ext 
					http://www.liquibase.org/xml/ns/dbchangelog/dbchangelog-ext.xsd 
					http://www.liquibase.org/xml/ns/dbchangelog 
					http://www.liquibase.org/xml/ns/dbchangelog/dbchangelog-4.1.xsd">

	<changeSet author="system" id="1509565897-1">

		<createTable tableName="application">
			<!-- Key(s) -->
			<column name="id" type="INT" autoIncrement="true">
				<constraints nullable="false" primaryKey="true"/>
			</column>

			<column name="uuid" type="uuid" />
			<column name="contract_amount" type="BIGINT" />
			<column name="completed_at" type="TIMESTAMP" />

			<!-- FK(s) -->
			<column name="client_id" type="BIGINT">
				<constraints nullable="false" references="clients(id)"
							 foreignKeyName="FK_applications_clients"/>
			</column>

			<column name="status_id" type="INT">
				<constraints nullable="false" references="application_status(id)"
							 foreignKeyName="FK_applications_application_status"/>
			</column>

			<column name="state_id" type="INT">
				<constraints nullable="false" references="state(id)"
							 foreignKeyName="FK_applications_state"/>
			</column>

			<!-- METADATA COLUMNS -->
			<column name="created_at" type="TIMESTAMP">
				<constraints nullable="false" />
			</column>
			<column name="updated_at" type="TIMESTAMP">
				<constraints nullable="false" />
			</column>
			<column name="created_by" type="INT">
				<constraints nullable="false" />
			</column>
			<column name="updated_by" type="INT">
				<constraints nullable="false" />
			</column>

		</createTable>

		<rollback>
			<dropTable tableName="application"/>
		</rollback>
	</changeSet>

</databaseChangeLog>
