﻿id|iso_code|language
1|om|(Afan) Oromo
2|ab|Abkhazian
3|aa|Afar
4|af|Afrikaans
5|sq|Albanian
6|am|Amharic
7|ar|Arabic
8|hy|Armenian
9|as|Assamese
10|ay|Aymara
11|az|Azerbaijani
12|ba|Bashkir
13|eu|Basque
14|bn|Bengali
15|dz|Bhutani
16|bh|Bihari
17|bi|Bislama
18|br|Breton
19|bg|Bulgarian
20|my|Burmese
21|be|Byelorussian
22|km|Cambodian
23|ca|Catalan
24|zh|Chinese
25|co|Corsican
26|hr|Croatian
27|cs|Czech
28|da|Danish
29|nl|Dutch
30|en|English
31|eo|Esperanto
32|et|Estonian
33|fo|Faeroese
34|fj|Fiji
35|fi|Finnish
36|fr|French
37|fy|Frisian
38|gl|Galician
39|ka|Georgian
40|de|German
41|el|Greek
42|kl|Greenlandic
43|gn|Guarani
44|gu|Gujarati
45|ha|Hausa
46|he|Hebrew (former iw)
47|hi|Hindi
48|hu|Hungarian
49|is|Icelandic
50|id|Indonesian (former in)
51|ia|Interlingua
52|ie|Interlingue
53|ik|Inupiak
54|iu|Inuktitut (Eskimo)
55|ga|Irish
56|it|Italian
57|ja|Japanese
58|jw|Javanese
59|kn|Kannada
60|ks|Kashmiri
61|kk|Kazakh
62|rw|Kinyarwanda
63|ky|Kirghiz
64|rn|Kirundi
65|ko|Korean
66|ku|Kurdish
67|lo|Laothian
68|la|Latin
69|lv|Latvian, Lettish
70|ln|Lingala
71|lt|Lithuanian
72|mk|Macedonian
73|mg|Malagasy
74|ms|Malay
75|ml|Malayalam
76|mt|Maltese
77|mi|Maori
78|mr|Marathi
79|mo|Moldavian
80|mn|Mongolian
81|na|Nauru
82|ne|Nepali
83|no|Norwegian
84|oc|Occitan
85|or|Oriya
86|ps|Pashto, Pushto
87|fa|Persian
88|pl|Polish
89|pt|Portuguese
90|pa|Punjabi
91|qu|Quechua
92|rm|Rhaeto-Romance
93|ro|Romanian
94|ru|Russian
95|sm|Samoan
96|sg|Sangro
97|sa|Sanskrit
98|gd|Scots Gaelic
99|sr|Serbian
100|sh|Serbo-Croatian
101|st|Sesotho
102|tn|Setswana
103|sn|Shona
104|sd|Sindhi
105|si|Singhalese
106|ss|Siswati
107|sk|Slovak
108|sl|Slovenian
109|so|Somali
110|es|Spanish
111|su|Sudanese
112|sw|Swahili
113|sv|Swedish
114|tl|Tagalog
115|tg|Tajik
116|ta|Tamil
117|tt|Tatar
118|te|Telugu
119|th|Thai
120|bo|Tibetan
121|ti|Tigrinya
122|to|Tonga
123|ts|Tsonga
124|tr|Turkish
125|tk|Turkmen
126|tw|Twi
127|ug|Uigur
128|uk|Ukrainian
129|ur|Urdu
130|uz|Uzbek
131|vi|Vietnamese
132|vo|Volapuk
133|cy|Welch
134|wo|Wolof
135|xh|Xhosa
136|yi|Yiddish (former ji)
137|yo|Yoruba
138|za|Zhuang
139|zu|Zulu