privilege_id|system_name|name|created_by|updated_by
1|CREATE_APPLICATION|Create Application|1|1
2|UPDATE_APPLICATION|Update Application|1|1
3|MANAGE_APPLICATION|View Client Applications|1|1
4|PERFORM_UCC_SEARCH|Perform UCC Search|1|1
5|PERFORM_UCC_FILING|Perform UCC Filings|1|1
6|PERFORM_DNB_SEARCH|Perform DNB Search|1|1
7|MANAGE_CLIENT_USER|Manage Client User|1|1
8|MANAGE_USER|Manage User|1|1
9|MANAGE_CLIENT|Manage Client|1|1
10|MANAGE_ROLE|Manage Role|1|1
11|MANAGE_PRIVILEGES|Manage Privilege|1|1
