<?xml version="1.0" encoding="UTF-8"?>
<!DOCTYPE xml>

<configuration scan="true">
	<include resource="org/springframework/boot/logging/logback/defaults.xml" />
	<include
		resource="org/springframework/boot/logging/logback/console-appender.xml" />

	<property name="DEV_HOME" value="./logs" />
	<property name="LOG_LEVEL" value="INFO" />

	<appender name="JOB-ERROR"
		class="ch.qos.logback.core.rolling.RollingFileAppender">
		<file>${DEV_HOME}/error.log</file>
		<filter class="ch.qos.logback.classic.filter.LevelFilter">
			<level>ERROR</level>
			<onMatch>ACCEPT</onMatch>
			<onMismatch>DENY</onMismatch>
		</filter>
		<encoder class="ch.qos.logback.classic.encoder.PatternLayoutEncoder">
			<Pattern>
				[%-5level] %d{yyyy-MM-dd HH:mm:ss.SSS} [%t] %c{1} - %msg%n
			</Pattern>
		</encoder>

		<rollingPolicy class="ch.qos.logback.core.rolling.TimeBasedRollingPolicy">
			<fileNamePattern>${DEV_HOME}/error.%d{yyyy-MM-dd}.%i.log
			</fileNamePattern>
			<timeBasedFileNamingAndTriggeringPolicy
				class="ch.qos.logback.core.rolling.SizeAndTimeBasedFNATP">
				<maxFileSize>10MB</maxFileSize>
			</timeBasedFileNamingAndTriggeringPolicy>
		</rollingPolicy>
	</appender>

	<appender name="JOB-APPLICATION"
		class="ch.qos.logback.core.rolling.RollingFileAppender">
		<file>${DEV_HOME}/application.log</file>
		<filter class="ch.qos.logback.classic.filter.LevelFilter">
			<level>${LOG_LEVEL}</level>
			<onMatch>ACCEPT</onMatch>
			<onMismatch>DENY</onMismatch>
		</filter>
		<encoder class="ch.qos.logback.classic.encoder.PatternLayoutEncoder">
			<Pattern>
				[%-5level] %d{yyyy-MM-dd HH:mm:ss.SSS} [%t] %c{1} - %msg%n
			</Pattern>
		</encoder>

		<rollingPolicy class="ch.qos.logback.core.rolling.TimeBasedRollingPolicy">
			<fileNamePattern>${DEV_HOME}/application.%d{yyyy-MM-dd}.%i.log
			</fileNamePattern>
			<timeBasedFileNamingAndTriggeringPolicy
				class="ch.qos.logback.core.rolling.SizeAndTimeBasedFNATP">
				<maxFileSize>10MB</maxFileSize>
			</timeBasedFileNamingAndTriggeringPolicy>
		</rollingPolicy>
	</appender>
	
	<logger name="org.quartz">
		<level value="debug" />
	</logger>
	
	<!-- 
	<logger name="org.hibernate.SQL">
		<level value="DEBUG" />
	</logger>
	-->

	<root level="${LOG_LEVEL}">
		<appender-ref ref="CONSOLE" />
		<appender-ref ref="JOB-ERROR" />
		<appender-ref ref="JOB-APPLICATION" />
	</root>

</configuration>
